file_path,file_name,file_size,sha1,md5,sha256,first_50_bytes_hex,detected_type,yara_matches
G:/Users\win10secu3\Documents\File001,File001,10768,d2affe98fcb0a0c473ca5756c3687a246b642bb3,7d0690a235298519fdc912928f0333ef,7a6f4e0442b3b4f6f936c00e7fd813d0fda011f10496481d94805003cf4f330b,4d5a90000300000004000000ffff0000b8000000000000004000000000000000000000000000000000000000000000000000,EXE,PE_EXECUTABLE;TEXT_FILE
G:/Users\win10secu3\Documents\File\File002,File002,556,199a95428a251a9ffddfa209706016766b48087b,e2142a946eca0ac74dd03fa1d9c67bd2,ed5de336ddc9ff34554219b5c125971399bbbbb71db8a465aa7d17bb8944eb9d,efbbbf3c230a2e53594e4f505349530a09496e7374616c6c73205a6f6f6d0a2e4445534352495054494f4e0a095468697320,PS1,PS1_POWERSHELL
G:/Users\win10secu3\Documents\File\File003,File003,1855,2368cdb34d96a5c5c38884ed8d125ca9832107fd,821094b7f221d9b915bbc55bc9530a1c,58d04b05a781cbfe76a36ce7a5e275b65972dacd5384b990217d271d090e8e0b,436f7079726967687420286329205b796561725d205b66756c6c6e616d655d0d0a0d0a54686520556e6976657273616c2050,TXT,TEXT_FILE
G:/Users\win10secu3\Documents\File\File004,File004,149,a2e190b5a8609eb9f75095806f73d00add3e20e7,6d30132c09d8e7feb13cd0fc951b8c67,621a179e360dde879b74b9be144b8ab6e630e58ea992971f3bca9146c9635c20,406563686f206f66660d0a736574202f61206c696e653d2572616e646f6d252025252035202b20310d0a666f72202f662022,BAT,BATCH_SCRIPT
G:/Users\win10secu3\Documents\File\File005,File005,2560,7e68dba9fa672d5ede7e787e5c568a4ff2a789c0,8af314b532681aa2a272543e89bc1eeb,be03d7f716ccb1120fabf644f12d9bea11e0eeeb8b2c64686b842869cd4c50f0,4d5a90000300000004000000ffff0000b8000000000000004000000000000000000000000000000000000000000000000000,EXE,PE_EXECUTABLE;TEXT_FILE
G:/Users\win10secu3\Documents\File\File006,File006,4319474,7133fe4d816c890e44c4c78b58a6c8681ac874b0,17bbcf874c7ef4315dc7114f020c46e6,fe5d03498443b9d9b248d83499f26e7c177ca6e41c4394ff010f77aa85344a91,504b03040a000000000000002100ffffffff1102000011020000100000005b74726173685d2f303030302e646174ffffffff,ZIP,ZIP_ARCHIVE
G:/Users\win10secu3\Documents\File\File007,File007,1013332,44e9c9a846f09707c247e4d4d4a3087c8574b4f1,9184f89abe4a76d7a312312396473c2c,593e2bfb37d712aa42b97ca849d23107456dcc69dc61408978c4ae4c5a9806e8,504b030414000600080000002100d4a2463fd9010000ec0900001300d3015b436f6e74656e745f54797065735d2e786d6c20,ZIP,ZIP_ARCHIVE
G:/Users\win10secu3\Documents\File\File008,File008,1617304,8a8b3c46ff4cb34085de75c055c43f3cc043cc1c,75c7e160e5e35d778df5907c2c94dbd0,1e8804a55aa1931e0382776bad307c5b7401daed687b87bf2dc2ca4a4cd075f5,89504e470d0a1a0a0000000d4c454e5a00000388000004ec0806000000c272ac0c0001000049444154789cecfd799c6dd975,PNG,PNG_IMAGE
G:/Users\win10secu3\Documents\File\File009,File009,1726586,08c81c41b9bba9ec78f908a770a2144ddca93ab3,dcff3b11da469dab3029d65b9a9a026d,caa4f0870e1edf0e723db15963b182576d841a4df2202ea7e36a0c19a4a3853f,89504e470d0a1a0a0000000d4948445200000388000004ec0806000000c272ac0c0001000049444154789cecfd5993243992,PNG,PNG_IMAGE
G:/Users\win10secu3\Documents\File\File010,File010,4155280,fa74b7d0e1cec72539108a3cd9fc2bac6a7210e3,df23a5f65a651a5368a1f4c68b4537fc,3b7abb872967e1db077436f9888bb0039ad4cc0ef0ac066a638a57d4bd26c775,504b0304140006000800000021003cf321f4570200009f1600001300c0015b436f6e74656e745f54797065735d2e786d6c20,ZIP,TEXT_FILE;ZIP_ARCHIVE
G:/Users\win10secu3\Documents\File\File011,File011,12996644,69c37b69b78a41efd19eea6d67b4b9b3eea1aa38,aa4fe812dc7a13e684d33bb70f3e4265,7d0d7911b0d2f8edd31039124f32e2565cd65705d491344e7e51282da201de88,504b03040a000000000000002100ffffffff0f0200000f020000100000005b74726173685d2f303030302e646174ffffffff,ZIP,ZIP_ARCHIVE
G:/Users\win10secu3\Documents\File\File012,File012,28659,94158316e899691b587a346e5a5e5df2d6fcf437,cd7a8a6e473ca1693ae557da91650b8b,071345a2709641e09bd87d46c65dd868e1000e1429f36051df2c9b479a9e8fd5,504b03041400060008000000210004e86306f70100009b0a0000130008025b436f6e74656e745f54797065735d2e786d6c20,ZIP,ZIP_ARCHIVE
G:/Users\win10secu3\Documents\File\File013,File013,814,53b44947beaece17dc8d6c48ad2c8e5799a5ecb7,2d9a7072177dd37a9fbacbdaf12b8b35,ad4a58c7b13e3bf2504d6e9a4f67c03bbdc3cc09a338c3b7fdc1e890e1c80e93,efbbbf3c230a2e53594e4f505349530a095072696e747320746865204d443520636865636b73756d206f6620612066696c65,PS1,PS1_POWERSHELL
G:/Users\win10secu3\Documents\File\File014,File014,3050393,9ba252ab7303b9dbd6df8aab350e88da7f43fc1d,79c0374c3dc8abfddac0c302d0330529,233c2b822e1930e61de96b91aa6051c327301c1f46a0887f43cc21534fd44de1,504b030414000600080000002100e4a7b06feb010000350d0000130008025b436f6e74656e745f54797065735d2e786d6c20,ZIP,ZIP_ARCHIVE
G:/Users\win10secu3\Documents\File\File015,File015,164,6079a4fc71df42383ada4142dffd97be27c483ea,e4507f2ec05eb69d935540e5b4d7ec5e,324d140227ff55095c890442e288bd78259fb18008caac0bf611dfccad2d2bc2,406563686f206f66660d0a736574202f6120636f756e743d2572616e646f6d25202525203230202b20310d0a6563686f2047,BAT,BATCH_SCRIPT
G:/Users\win10secu3\Documents\File\File016,File016,87,f29968c8621ec698f98f555172a0b0a2fadbcb53,e71bb959c29c164e77ae88bca85852d2,a71945c90d5a1dd9b21256ad2f71d6b426aa5a51bcdc1692b128e6316771c890,406563686f206f66660d0a736574202f61206865783d2572616e646f6d25202525203235350d0a736574202f612068657832,BAT,BATCH_SCRIPT
G:/Users\win10secu3\Documents\File\File017,File017,4810789,421b51dc3fd04041d3bac7434174e80f708b056d,c374b2cac48b3b80144865fa7f181c2e,6c2ddef8af98d34537d0b8cdb4251c2d6a55b09875305c82b39bdac20dea70ef,504b03040a000000000000002100ffffffff0d0200000d020000100000005b74726173685d2f303030302e646174ffffffff,ZIP,ZIP_ARCHIVE
G:/Users\win10secu3\Documents\File\File018,File018,407134,2881a4e443a0aab7839bdf5647e9438afbe8bf24,5bd7a1b4904acc6280e2c1924a627860,304f551a0c08e27c12b749fcc8f213b97ba87c3f09d0669f6655e1a5400c933f,255044462d312e350a25f6e4fcdf0a312030206f626a0a3c3c0a2f54797065202f436174616c6f670a2f5061676573203220,PDF,PDF_DOCUMENT
G:/Users\win10secu3\Documents\File\File019,File019,1651234,ac7b220cbe0494f89ce685d7cbed849f2f992b73,9d5089314e21bb5001c52cb6228d9e0a,2517ee94d08b1eb42f5599f45066d450c26782e1c6ffc0fc0225d89c62d2e2bf,89504e470d0a1a0a0000000d4948445200000388000004ec0806000000c272ac0c0001000049444154789cecfd79b025d779,PNG,PNG_IMAGE
G:/Users\win10secu3\Documents\File\File020,File020,38102,2fb25f4805f11d6f21f0d0b06f247ebab6799d59,2452330b9f8f2c566f6b7c54d53c711a,9fd1640e94b12e51aa238c41e6306f9e0619f672f969ec4b2cb347732744188a,4100740074007200690062007500740069006f006e00200034002e003000200049006e007400650072006e00610074006900,TXT,TEXT_FILE
G:/Users\win10secu3\Documents\File\File021,File021,35182,231b5648b1bc13c805553b5d644650f9d17422bd,81936e46314e4a094681aa5a17eb0ed8,13fb48a6c31a72e0e2b69650b1cebe8954f7b73449848492dcfd22b25bd91afa,2020202020202020202020202020202020202020474e552041464645524f2047454e4552414c205055424c4943204c494345,TXT,TEXT_FILE
G:/Users\win10secu3\Documents\File\File022,File022,185443,994bddfd345637ae2abcdd587fe884ccee627104,dc76bac39b0b05024c5dc4e167430170,5ba8b8c4481d78f5b39daffb796ff663aa50b8338edc61b0a6ee028ad0a1b2eb,255044462d312e370a25f6e4fcdf0a312030206f626a0a3c3c0a2f50616765732032203020520a2f54797065202f43617461,PDF,PDF_DOCUMENT
G:/Users\win10secu3\Documents\File\File023,File023,686849,3c43b63251acb488c47854a2752328525fcb7259,9c301375efa5c4613b55b7ae9178d837,172ceeeacd20f57c054f26ba9ba83d9ea971fcb3cca9a343135371cddcd77197,49443300010100000008001000ffff0800000100000000000040000000000000000000000000000000000000000000000000,MP3,MP3_AUDIO;TEXT_FILE
G:/Users\win10secu3\Documents\File\File024,File024,3072,6d2054702bdae5168522981080051e39da3291e1,371de9cf8b4b2520ab224038f0e6b9a5,7dc700da62ae9e18138d220ea344c5c104b8c4a32dc2af96076121a799185dc4,4d5a90000300000004000000ffff0000b8000000000000004000000000000000000000000000000000000000000000000000,EXE,PE_EXECUTABLE;TEXT_FILE
G:/Users\win10secu3\Documents\File\File025,File025,23832,d2dd2739ac3d2f496a7a5c849bcd2e12142d09ec,0aca6a84b2b047abb36e3fb35b7938d3,3df63fb05c080d1652305e4aa50bbcfba703b71f4f5b55b29762fdbb8eecf82b,4d5a90000300000004000000ffff0000b8000000000000004000000000000000000000000000000000000000000000000000,EXE,PE_EXECUTABLE;TEXT_FILE
G:/Users\win10secu3\Documents\File\File026,File026,35821,dc447a64136642636d7aa32e50c76e2465801c5f,4e5ec44fe5564450f9c1061ad18aeb38,81cbae84a29ce7e770bf2bc7b178e50bda0ce8de6067aba661b0bc7b05b562f8,2020202020202020202020202020202020202020474e552047454e4552414c205055424c4943204c4943454e53450d0a2020,TXT,TEXT_FILE
G:/Users\win10secu3\Documents\File\File027,File027,3584,13513de250639b432094dacbd14668339ca6b2a3,899c8ae4b45a7d4957468e47833bc84d,a82e984256abd016dfef2e0dd554bf7d36c3edffdcc516580df4d0527da63cf8,4d5a90000300000004000000ffff0000b8000000000000004000000000000000000000000000000000000000000000000000,EXE,PE_EXECUTABLE;TEXT_FILE
G:/Users\win10secu3\Documents\File\File028,File028,109,0b4c9a6830f3d0b511fbb5af8cc492bde2715f4d,3d809cda8a3b43c52a692d24e21af70b,0a7cc99c58d394b983cd6f0084acc9fe71b7cc6bcfc91c543bb8dc1a5174b63b,406563686f206f66660d0a736574202f6120646965313d2572616e646f6d252025252036202b20310d0a736574202f612064,BAT,BATCH_SCRIPT
G:/Users\win10secu3\Documents\File\File029,File029,273,62c8a155d9a89b9442a85588bac0138b226500f2,67571555f67b3a0b1cfb5b7efb8fa446,f2d66c27e46fd953e90929cfa21390964036b8c913d99acacc4295f8daa049de,406563686f206f66660d0a666f72202f662022746f6b656e733d312d342064656c696d733d2f20222025256120696e202822,BAT,BATCH_SCRIPT
G:/Users\win10secu3\Documents\File\File030,File030,5379567,d4e97f94ed56361255d38a8559758e98b36324fb,da3fc8e4d769d1655552f9c000312c67,570481ebf63d977e87206c3810f9ffd4d9357b37aae5767d86a061fc0135d767,504b03040a000000000000002100ffffffff6402000064020000100000005b74726173685d2f303030302e646174ffffffff,ZIP,ZIP_ARCHIVE
G:/Users\win10secu3\Documents\File\File031,File031,59159,10d5a709306eb512560ddbe30e601a9e9008cf9e,18ae60e913174c448c66c4bb674936e7,81082c4fcc0ec554191ffe3443dacf4d442337264060ee97d019c3c84c6e099c,504b0304140006000800000021009884f0a8eb010000220a00001300ca015b436f6e74656e745f54797065735d2e786d6c20,ZIP,ZIP_ARCHIVE
G:/Users\win10secu3\Documents\File\File032,File032,176259,5db12a5ec83b30e7b4d690f60159afd7e027fe04,93048e6c41c1e52a2be85096b8df6614,89329961c24be7ab46447b5a0da0a3787e37f2d7d00c98aa3673c77c973e02a4,504b030414000600080000002100e679a397ba0100007d0d0000130008025b436f6e74656e745f54797065735d2e786d6c20,ZIP,ZIP_ARCHIVE
G:/Users\win10secu3\Documents\File\File033,File033,31332,a94507bb7a4c6b0ee11b752d8b385d215ce34473,8f037af809f60b33d6325be04e7e2747,52a382ff0005e95597de5539d5b9ab1208e5e943d19bb6a14537fec2d2a3d64d,4344303014000600080000002100aaf758a47901000014060000130008025b436f6e74656e745f54797065735d2e786d6c20,UNKNOWN,UNIDENTIFIED_FILE_TYPE
G:/Users\win10secu3\Documents\File\File034,File034,77,f255dac4e27bb6793a05f093452b3c411a076f07,98c35c46893f75f22975e6c1ab6131e0,be063e3c106e6ecbcd6366742cfbacd3c6fdd5596665d2679de8cbfa5960d26f,406563686f206f66660d0a736574202f61206e756d3d2572616e646f6d252025252031303030300d0a6563686f20596f7572,BAT,BATCH_SCRIPT
G:/Users\win10secu3\Documents\File\File035,File035,3097388,09671885a19250f7c5512043ea3816b174e150e5,0c5393a75584590513c78674fa3f0d6f,155f0ed931821473758ba6f804d113c50afe262eb1c4c182e3a0f1a7a09970ec,504b030414000000080000002100610dd4924202000075140000130000005b436f6e74656e745f54797065735d2e786d6ccc,ZIP,ZIP_ARCHIVE
G:/Users\win10secu3\Documents\File\File036,File036,1417519,9720f66f73dcbe0ab836b55ed8e8ca6ff343744a,a272e6b746211b62152db107c265ec14,fc691fa2e54dafccb9744fe0249f946a87b4e69f2a49ace3c9cce22dd737b82e,89504e470d0a1a0a0000000d4948445200000388000004ec0806000000c272ac0c0001000049444154789cecfd69b0655976,PNG,PNG_IMAGE
G:/Users\win10secu3\Documents\File\File037,File037,266343,295cbc82d0451974ed79e2f19c79be35861d6fb0,10c891b8ebc12cc4066af9a675d637e0,7321f38d919d4fb46030f5692d2aaa8d74caee26fbbdf7e4b06ea71b68ed27fd,504b03040a000000000000002100ffffffff3502000035020000100000005b74726173685d2f303030302e646174ffffffff,ZIP,ZIP_ARCHIVE
G:/Users\win10secu3\Documents\File\File038,File038,5125758,9cac09cf3f08cdfa6042d1bc8ef45cdbb1ad7f8e,ee65f859755a2a7aae846761cccad234,131694dfcd8c271b37e54ca9e5c1abbb9ac88526e15cbb9356084667282d36eb,43443030312e360a25f6e4fcdf0a312030206f626a0a3c3c0a2f4d657461646174612032203020520a2f4c616e672028656e,TXT,TEXT_FILE;UNIDENTIFIED_FILE_TYPE
G:/Users\win10secu3\Documents\File\File039,File039,608,97a36bda7a3707c371a61ca1be5babd819f22dfc,8f179f9b48d6c13fa96e801c31c5120b,abbc52db824b9a134dfd0ef0c646a8e2382a05e7af9a9f5865b77cc704844495,efbbbf3c230a2e53594e4f505349530a09496e7374616c6c7320446973636f72640a2e4445534352495054494f4e0a095468,PS1,PS1_POWERSHELL
G:/Users\win10secu3\Documents\File\File040,File040,168,b8c466614bb3ec0e42d6c56c601dda2b44fc7107,9ed8f42ccba544d90543e5f82e255fac,0eefccda4460faab2f6a2243598f74a58c93c2ff01a60e4c7b87ff2ff048677e,406563686f206f66660d0a73657420696e7075743d68656c6c6f0d0a7365742072657665727365643d0d0a666f72202f6c20,BAT,BATCH_SCRIPT
G:/Users\win10secu3\Documents\File\File041,File041,1640375,9d978cfbbe2db83aa8c852ec6955ddbf1969e504,6f821e51b6c6f33e1768187ddd1fba46,d2c03ebbcb573163994d6eb247209a6cd9ffd5141b14511e4766a31b303c0b65,89504e470d0a1a0a0000000d4948445200000388000004ec0806000000c272ac0c0001000049444154789cecfde992244b92,PNG,PNG_IMAGE
G:/Users\win10secu3\Documents\File\File042,File042,11280,48506056f569a40ee28155c507e3578af5ea4579,74a4b714c851de93c773b1772a40807d,8b9d7b249fd8b32d14465b6d038060da3545114bcf0041ada1f7205b81d6887d,4d5a90000300000004000000ffff0000b8000000000000004000000000000000000000000000000000000000000000000000,EXE,PE_EXECUTABLE;TEXT_FILE
G:/Users\win10secu3\Documents\File\File043,File043,106799,661d2ddf9bd727de31c653aba3edd83c19e0959a,43e1b1fb5bcd16c937b0da2c4a6e540c,13e84bab911c370a9c80081d6a711f6f334296996cac27348aaad72aa59dc5b7,504b03041400020008004a247659fb70553b11530000494e030011001100776f72642f646f63756d656e742e786d6c55540d,ZIP,ZIP_ARCHIVE
G:/Users\win10secu3\Documents\File\File044,File044,229,8318fd3c54c48db49737abadab240afb2c7fa7e3,58e6cf4d000a0330e09c022cf94f9be7,d6a99d5fa30152aa09b95e8198641cc9ee95c27051ceb5031b22bacb674a7073,406563686f206f66660d0a7365746c6f63616c20656e61626c6564656c61796564657870616e73696f6e0d0a73657420776f,BAT,BATCH_SCRIPT
G:/Users\win10secu3\Documents\File\File045,File045,137878,1a4ac39badd635bb1a9e764a70e72fa901b3c98d,6d8f6f9f0df51f804f0d9e706373d881,e3a4563c0f11178ce2eb4623899a43c9221b68e6e0b8ecaeebca23c4277d9496,ffd8ffe100104a46494600010100000100010000ffdb004300080606070605080707070909080a0c140d0c0b0b0c1912130f,JPEG,JPEG_IMAGE
G:/Users\win10secu3\Documents\File\File046,File046,80947,afb6c414197688a1bc6c113bb5add0f02f308a50,f63d16a402673307cbd7e0a69205baa4,2300646f4daccc0773f9cdc078f603814c2025828cb978137e3b38fb1a2a64a3,4d5a00010100000008001000ffff080000010000000000004000000000000000000000000000000000000000000000000000,EXE,PE_EXECUTABLE
G:/Users\win10secu3\Documents\File\File047,File047,1082258,a4609bedc4d885a3c0dd0f3fc9757af6a377dc8c,130368dcac9cf8171b792bb164b1cd1c,6a34ddbbc2a43d2c911fbf7b59824c4b7860448f7c1435e520b562af33614d50,4d5a90000300000004000000ffff0000b8000000000000004000000000000000000000000000000000000000000000000000,EXE,PE_EXECUTABLE;TEXT_FILE
G:/Users\win10secu3\Documents\File\File048,File048,831,f6745cee730e1665db5932e0ab51d53a885a5ea8,e117cf3498fa380b6c06de68232ee65a,5ac465d7d37bad28b424c139e142cea865d163495182eecdebf02ea91705d0a9,efbbbf3c230a2e53594e4f505349530a095072696e74732074686520534841312068617368206f6620612066696c650a2e44,PS1,PS1_POWERSHELL
G:/Users\win10secu3\Documents\File\File049,File049,1804,1819ba9f99f764843716e04ed1d150fbe9efa16d,428232826229b4484bd2a9de0091b60e,9f85d5be7ccd66b89e730bb720e157bac05d165d38cb41c343eb21421c10e359,efbbbf3c230a2e53594e4f505349530a09496e7374616c6c7320626173696320617070730a2e4445534352495054494f4e0a,PS1,PS1_POWERSHELL
G:/Users\win10secu3\Documents\File\File050,File050,86,600cc227ee8d10820ed06a214b58ea151c213371,c9ee034bbc5f70cc0246bde27c1be76f,0bfdd7cb1d0cb8697316b798e83792d11634273aa4471e31409fe86c15e70104,406563686f206f66660d0a736574202f6120636f6c6f723d2572616e646f6d252025252031360d0a636f6c6f722025636f6c,BAT,BATCH_SCRIPT
G:/Users\win10secu3\Documents\File\File051,File051,716249,3a73e650e6386cfd23f3d726c347a9359a37478b,db97870e110d2e495f191c432797ad04,bb09f3b4e07672d3ac19638db0979ec4c5442492af49b14006c60c55a97f7d04,4d5a90000300000004000000ffff0000b8000000000000004000000000000000000000000000000000000000000000000000,EXE,PE_EXECUTABLE;TEXT_FILE
G:/Users\win10secu3\Documents\File\File052,File052,146273,2aebfa2cce4c9a5498dc9541bee9cb27cce887ab,a978b63e14d67b4d8a9625655adb3838,2853b3fa183165c4ec4fe29a88c722c5573c60c40ac92581fa2ee53f6af22a8c,ffd8ffe000104a46494600010100000100010000ffdb004300080606070605080707070909080a0c140d0c0b0b0c1912130f,JPEG,JPEG_IMAGE
G:/Users\win10secu3\Documents\File\File053,File053,173909,e7840553b64fad9bab39e0c5a138e21a18d313ee,b7bbbb113e2913b4d54d17b47ec11308,cbc1858fa38513e9d63f90483cccc15745a5bfa58642b9fe8f60374f7d684308,ffd8ffe000104a46494600010100000100010000ffdb004300080606070605080707070909080a0c140d0c0b0b0c1912130f,JPEG,JPEG_IMAGE
G:/Users\win10secu3\Documents\File\File054,File054,628,7df60f39ece494a400b4afb33484d4652cd16003,2c6444207e051dbb8f9f8ceb8f05bd06,b2234d575d7257d1280199c630c2a9bc15d637dd04e040cff0d42dd8001f9531,efbbbf3c230a2e53594e4f505349530a09496e7374616c6c732047697420666f722057696e646f77730a2e44455343524950,PS1,PS1_POWERSHELL
G:/Users\win10secu3\Documents\File\File055,File055,844097,7e5659b43870dffc2bc7e1cebaf5aab028085d4f,386812055de7c60fd297046a661ffd76,044dabbdcc1d8d6dcac29643daf6a30de44ba64d551361019d0ac29f3d09c551,4344303014000600080000002100a990c0ad7b030000d3100000140000007070742f70726573656e746174696f6e2e786d6c,UNKNOWN,UNIDENTIFIED_FILE_TYPE
G:/Users\win10secu3\Documents\File\File056,File056,340390,bcc8198a1d3d16525e4bf56a0d42a078a8893424,1c03344f83275ac70b5391df2e8e0876,eebca9f734909c752bd248639b0b387908cb6df0182ea97346857fc88affb08a,504b03040a000000000000002100fffffffff3010000f3010000100000005b74726173685d2f303030302e646174ffffffff,ZIP,ZIP_ARCHIVE
G:/Users\win10secu3\Documents\File\File057,File057,691,f440d75b7b3c54939699edb42c48fed43ed131b1,7e40596c2d0399b64cc871ff4158ae57,9c81453c7de7f7b959263051a8107ddafaad8a53fad4125c6a72541eb06a06bb,efbbbf3c230a2e53594e4f505349530a09456e61626c65732074686520676f64206d6f64650a2e4445534352495054494f4e,PS1,PS1_POWERSHELL
G:/Users\win10secu3\Documents\File\File058,File058,23112,6cd50628e742766f69ce4dd62c8a351b4eefc8c5,18039dade136470d4112c839cc043efe,0b37ab6ce65c46852c4201e7756c243a8a019ceba7b62558b2666a7eb24afb17,2000200020002000200020002000200020002000200020002000200020002000200020002000200020002000200020002000,TXT,TEXT_FILE
G:/Users\win10secu3\Documents\File\File059,File059,1720207,d8096c532ab21c705c08de6304672f2a0e6def72,ebc5f89869f7306fe420ca02a9677f9f,5220da04b5ef146ca0230533d56c2085c170d9557c7333faad22f3bc766fb2b0,89504e470d0a1a0a0000000d4948445200000388000004ec0806000000c272ac0c0001000049444154789cecfde9b36d4976,PNG,PNG_IMAGE
G:/Users\win10secu3\Documents\File\File060,File060,3072,da8c7f8945337943f5e1fe1d1513395144711333,8d404ac68cc517b456d0c46305caf6b4,35c1692f61a508740541e3ce33ebd664db88b7d78bbd99994b9082c42b99efdd,4d5a90000300000004000000ffff0000b8000000000000004000000000000000000000000000000000000000000000000000,EXE,PE_EXECUTABLE;TEXT_FILE
G:/Users\win10secu3\Documents\File\File061,File061,106,c4b960d9a12c103dcf41b68eedc34c1fb59e1c37,0a9bbaa0e74a6e389c73c1a18d9897ac,d3dd96a21af17539c75ef957bd5a90b745c590af2667c282b160bdb2f0732067,406563686f206f66660d0a736574202f612064656c61793d2572616e646f6d252025252035202b20310d0a74696d656f7574,BAT,BATCH_SCRIPT
G:/Users\win10secu3\Documents\File\File062,File062,11272,cde069a5cbc8bdefcff8a67dcf26538cf35eb99b,f0c3b5b14d0b5c1420d1e22f3585f4c3,145cca35fc844f511e8af7756374d27125a440b088410ade80c15527fb39e224,4d5a90000300000004000000ffff0000b8000000000000004000000000000000000000000000000000000000000000000000,EXE,PE_EXECUTABLE;TEXT_FILE
G:/Users\win10secu3\Documents\File\File063,File063,1962050,82cf0d9d4f3ea20c6e2f8f55c883865d5f77b5ae,2b2cf30e60c4c5c6a7bfaf7f05f559b3,f1330cf05c37e77a9b29e7078d564282ca9c897ceebf50fa1e2078d21e48cffd,494433312e340d258084888c9094989ca0a4a8acb0b4b8bcc0c4c8ccd0d4d8dce0e4e8ecf0f4f8fc0d0d312030206f626a0d,MP3,MP3_AUDIO
G:/Users\win10secu3\Documents\File\File064,File064,2138,f53f88263eb2968f54c43bf34a4905d1c30ee469,ca807e6ce43369833704d96678d19667,06b41becd146579b61b1ff06b083406ec810d047b89adef3eaa0e50a3d6ade33,5b4c6f63616c697a656446696c654e616d65735d0d0a62696f6368656d5f6d65642d32332d322d3134332d332e7064663d40,TXT,TEXT_FILE
G:/Users\win10secu3\Documents\File\File065,File065,756,baeb7379a48da8345479b809c9084eb419d38764,3ba7c71043ab870a87d59a781def60a5,ae1723cc3fb17ca87d6be46de09162dcb52f4b5291c58a095e12cbe3bb5e2414,495343204c6963656e73650d0a0d0a436f7079726967687420286329205b796561725d205b66756c6c6e616d655d0d0a0d0a,TXT,TEXT_FILE
G:/Users\win10secu3\Documents\File\File066,File066,3259060,a99f8441c9dc40ce170c0b7e129caff0ee4206ea,597122e0437a3753b00487694f30de80,dacc4061e08088885f6338bdee771df124755e4b59c8abdd6bf96b9b81ddf538,255044462d312e370a25e2e3cfd30a362030206f626a0a3c3c2f46696c7465722f466c6174654465636f64652f4c656e6774,PDF,PDF_DOCUMENT
G:/Users\win10secu3\Documents\File\File067,File067,366608,1256d16942369961683c7f21c7f77128ea1f73c9,ea15bc1156bf638002b99c63bd4abb1a,78d9ccc3aea19b6656afb4cb7a7afddf0eb3fa2ee3c348a628b3beeacd0e98a2,4d5a93000300000020000000ffff070000016540000000004000000001000000000000000000000000000000000000000000,EXE,PE_EXECUTABLE;TEXT_FILE
G:/Users\win10secu3\Documents\File\File068,File068,1485481,6dc6d6c0568f695a24a42fcedfcb2409aa550654,4f81b658e6cc40fbf7c4664e14b24a29,e9099b712728530d628b1198561e6c2cac999f54e07a0a3923b9ad6f2d36004b,89504e470d0a1a0a0000000d4948445200000388000004ec0806000000c272ac0c0001000049444154789cecfd59af244b92,PNG,PNG_IMAGE
G:/Users\win10secu3\Documents\File\File069,File069,170993,96deb65cd007cbcf829b7ff81e5629b03cd87907,314de58ba4408e243fc5e7f691014c26,4597944501acf1ef4475162997e25e581a6f5d7d760f85826e6960ef5a49d1fe,89504e470d0a1a0ae000104a46494600010100000100010000ffdb004300080606070605080707070909080a0c140d0c0b0b,PNG,PNG_IMAGE
G:/Users\win10secu3\Documents\File\File070,File070,1645439,72acaa872934217c3fc370c361a21e22853c6565,4effb217ca55d93bb55192693ef0ee9c,c4cc527b4b4c5cab414a2ca920a3596df19ed8f5808509672b6b25b7feeca047,89504e470d0a1a0a0000000d4948445200000388000004ec0806000000c272ac0c0001000049444154789cecfd49b3654b76,PNG,PNG_IMAGE
G:/Users\win10secu3\Documents\File\File071,File071,11792,22f690f251032776e47565d46f3285c4011695bd,08422e540f71afbf8895440dbce80aa4,f650b7d8b20d0dc12ecdd0f683c3a1252d4fa0d9941378541738f38614af3c67,4d5a90000300000004000000ffff0000b8000000000000004000000000000000000000000000000000000000000000000000,EXE,PE_EXECUTABLE;TEXT_FILE
G:/Users\win10secu3\Documents\File\File072,File072,1655833,463c9c107e470c360e75f5e7e569bd6c3a4ae9e1,5956a153b3144e3256047ab8eead83e5,cfe80c6d2e2233791b84e68c40dbba5be93805c5f8ad829cf525b9dfd67c25a8,89504e470d0a1a0a0000000d4948445200000388000004ec0806000000c272ac0c0001000049444154789cecfd699725c971,PNG,PNG_IMAGE
G:/Users\win10secu3\Documents\File\File073,File073,157801,8082d965f637e78065d417dcf7c42915e7cbb988,614cf260d4d13d5ffb6f947cc806d671,bd678df29699f8c9af45ec4bf10f8b7a197bb0d07850fa5c64fd013910bc5e5c,ffd8ffe000104a46494600010100000100010000ffdb004300080606070605080707070909080a0c140d0c0b0b0c1912130f,JPEG,JPEG_IMAGE
G:/Users\win10secu3\Documents\File\File074,File074,7213107,7178220d10182f9ab2c3efd1054a8872e24800e9,f9b2c6c68a3ddfc2678fcd9f0cf0464e,1a8bd54fb55f42a50ab36aae0ec2e366a7e16f2169086aa448d062be79b1ab1a,504b03040a000000000000002100ffffffff2d0200002d020000100000005b74726173685d2f303030302e646174ffffffff,ZIP,ZIP_ARCHIVE
G:/Users\win10secu3\Documents\File\File075,File075,341331,8929c844ae8a6f80694d0e8de149adbae60fd78a,cbf27b79169a22e2ed9f2f6ded176cdb,44703ef6d22f6859c137eb844f3939d0e7aa21fb7f6bed16861758bb9e5229c5,4d5a90000300000004000000ffff0000b8000000000000004000000000000000000000000000000000000000000000000000,EXE,PE_EXECUTABLE;TEXT_FILE
G:/Users\win10secu3\Documents\File\File076,File076,115731,f90e097bb2880d250c2d1fe6d6d69f49a4c89ed3,585ce4469a6adfebb17e5c7b1163f349,f7bd687eddd64d561b50372ddaef38b90ae58a358099a06dbf33a894856b9760,504b0304140008080800ab0b765900000000000000000000000010000000776f72642f686561646572312e786d6ccd96db8e,ZIP,ZIP_ARCHIVE
G:/Users\win10secu3\Documents\File\File077,File077,603,6b628dfe25adc892b188fbf79dd627b55f0474cd,f5fa09dace753bebba5b6075f127dc26,611d489613cbef351d56d9e5b5e51e44d95376d60b70cee8c1bf4fd9a3d128e0,efbbbf3c230a2e53594e4f505349530a09496e7374616c6c73204368726f6d650a2e4445534352495054494f4e0a09546869,PS1,PS1_POWERSHELL
G:/Users\win10secu3\Documents\File\File078,File078,160610,11df096f561dcf067384125730ea9c354217abef,2431f8e75577a0e57896d66782cb9890,18bda15f6aed8448f4d714569c4ca343ad8e7dc0ebdd7016fe4ecf8ba51b2c2d,ffd8ffe000104a46494600010100000100010000ffdb004300080606070605080707070909080a0c140d0c0b0b0c1912130f,JPEG,JPEG_IMAGE
G:/Users\win10secu3\Documents\File\File079,File079,339655,875417a1f75bd6b215b49df4ac0daf19697f412a,b6167a060ce70bcc90de22e27a3fbb07,96cb4aaffd42b83c1f3325208d88d1d37bdc985d1e09bf3a01c42c3f4ce0a943,fffb90000300000004000000ffff0000b8000000000000004000000000000000000000000000000000000000000000000000,MP3,MP3_AUDIO;TEXT_FILE
G:/Users\win10secu3\Documents\File\File080,File080,11792,ec320d7a73dcf97b4b4fcb6e764a238a318e38c4,12961a8d12e77fc9b66345b80456f7fe,4879d504f9bfb07bea63f737a7d075d02bd3ec8fdbec4acbcf13c22e2bece3b8,4d5a90000300000004000000ffff0000b8000000000000004000000000000000000000000000000000000000000000000000,EXE,PE_EXECUTABLE;TEXT_FILE
G:/Users\win10secu3\Documents\File\File081,File081,3072,b4e26ea63c2994e7d994c052c52d3f4e8da27c9d,52376b5fbaa7a368612ca909730cf9b3,9a253a8e0737cd0f157afcdcccc509e8da3e15aa072c5d1aeb3921aa9364216b,4d5a90000300000004000000ffff0000b8000000000000004000000000000000000000000000000000000000000000000000,EXE,PE_EXECUTABLE;TEXT_FILE
G:/Users\win10secu3\Documents\File\File082,File082,147,9fa22c8cb4ee7c89f6787dc7c131758bf524e13f,559dd7a83d0d7688e334978e75d45beb,a8e59a9df5508fc37a2bbbd42cb25427b0916d474b012ba2bf826190145594cb,406563686f206f66660d0a7365742070617468733d433a5c57696e646f77735c20433a5c55736572735c20433a5c50726f67,BAT,BATCH_SCRIPT
G:/Users\win10secu3\Documents\File\File083,File083,124,5355854158f0f85378e0e61a6176f12e805af563,d324ff068ad2ee0ce710cfe951697116,07c2b8430a74a8ac1622b5223d7b11b1cdfbc24db0e0b34ef72697c35799a91f,406563686f206f66660d0a736574202f61206e756d3d2572616e646f6d25202525203236202b2036350d0a666f72202f6620,BAT,BATCH_SCRIPT
G:/Users\win10secu3\Documents\File\File084,File084,417316,c514b8f17c465ef3d259d44ba6af4295b568f802,0003f23eb36cf0145bb82e108295b143,8d274a84770ef915b9a2470fa11e0127ca78cff6717552b57a8a155aa3381533,255044462d312e330a25e2e3cfd30a312030206f626a0a3c3c0a2f54797065202f50616765730a2f436f756e742033330a2f,PDF,PDF_DOCUMENT
G:/Users\win10secu3\Documents\File\File085,File085,406205,3163223d1fc12c29ad6a01051f00054c5995f8c4,5a237806a6afec0a40fb433530387001,ef72773db6a85f9958aa9902903f0e901526100d826007770c095467ed72e9e3,504b030414000600080000002100b5cf3e7b02010000bb0200000b00ed015f72656c732f2e72656c7320a2e90128a0000200,ZIP,ZIP_ARCHIVE
G:/Users\win10secu3\Documents\File\File086,File086,677,c60b117808fc4e70da2fbc77f3a66da0ff9d655c,6130cc3a7797bd20785db9a1e38246bc,5c2ca1f15d4e9c3964785018c1f0a0309b2c64279c1b93cf3116fb71b60b9a0d,425344205a65726f20436c61757365204c6963656e73650d0a0d0a436f7079726967687420286329205b796561725d205b66,TXT,TEXT_FILE
G:/Users\win10secu3\Documents\File\File087,File087,288249,ad9ada5e4004b1892ff0800575ffb3ba1ca2af0e,b4ea3fa8c44c0e05e86e4b0d8859cf0f,0b56a46148fe47c91eb72148db0d6948ba562aea7431e4b71eb5cd855ac0f1a3,504b0304140006000800000021008fbff13623040000c54e0000130008025b436f6e74656e745f54797065735d2e786d6c20,ZIP,ZIP_ARCHIVE
G:/Users\win10secu3\Documents\File\File088,File088,100,3e089d46050c8b97e53a7892ff27fce5577062e9,822123f73ba273c1a622f5d5cf32633b,5cdf52caf1a723074afda063ada5d669fa3035e4122618a1379530863b6ff471,406563686f206f66660d0a666f72202f6c2025256920696e2028312c312c33322920646f20280d0a20202020736574202f61,BAT,BATCH_SCRIPT
G:/Users\win10secu3\Documents\File\File089,File089,180248,3eea1966f23ac6499d0cb9a013a1d14fa1919fca,905363c4abd5f39bc6f98ff3e25b0281,34452eded8f8e27c105408e04149ed8de01b80fb4f05e8683ba24e831554734c,ffd8ffe000104a46494600010100000100010000ffdb004300080606070605080707070909080a0c140d0c0b0b0c1912130f,JPEG,JPEG_IMAGE
G:/Users\win10secu3\Documents\File\File090,File090,169745,20c0b1492e950b392bf8088f673a5bb9072983cc,3e736f0149faed08b112e43245750aa8,bd72109e3820a742b32a683a315f5bc0512250da6dcb4c46744af3e85f22da12,ffd8ffe000104a46494600010100000100010000ffdb004300080606070605080707070909080a0c140d0c0b0b0c1912130f,JPEG,JPEG_IMAGE
G:/Users\win10secu3\Documents\File\File091,File091,494,5b487a6cd44e96db251408822b2f08c833f77152,00cf085bfe51c5de71ff776ac8257e34,22711f384d3443a30000d7829ff71f09745995c935bfd2e5f730884a4aa557a9,202020202020202020202020444f205748415420544845204655434b20594f552057414e5420544f205055424c4943204c49,TXT,TEXT_FILE
G:/Users\win10secu3\Documents\File\File092,File092,412847,47a126f450d91264f4a399c52d25efb622d2a169,cb22ec32b6b7d83582b7fda7d682ff89,4cd742b67eab294606c6f7813618af6d5824c2fefdc7469941a7f4394d8c3d12,4d5a90000300000004000000ffff0000b8000000000000004000000000000000000000000000000000000000000000000000,EXE,PE_EXECUTABLE;TEXT_FILE
G:/Users\win10secu3\Documents\File\File093,File093,3038333,2cc913d580f766965d2a1c95cc60303f84f5dece,8a0b5139a1e35f636b28893cb6436fb9,a3c1db4b5a48165f66b1c52610c8c3c4232417756cf6f638a273020cd7eb8707,504b0304140006000800000021009d7c732ae3010000b50c0000130008025b436f6e74656e745f54797065735d2e786d6c20,ZIP,ZIP_ARCHIVE
G:/Users\win10secu3\Documents\File\File094,File094,62950,6e3978345a445e7e659069466f1707e46f8c15b7,d46229b61ac5fa694f1e5547d7cf424e,c5f3ac4a574e2bc4485f118c2861d93f6bdc8668cd28bb307fbd685fc98a26ed,504b03041400060008000000210081717d3cf8010000ba0c00001300cd015b436f6e74656e745f54797065735d2e786d6c20,ZIP,ZIP_ARCHIVE
G:/Users\win10secu3\Documents\File\File095,File095,259805,e8039cd053f2974edaa188541159dfe12bea125f,bb24a4f283eeeb0a5b6a63256e197fad,bc00e73aa9064d4acca54d5b4d69bf2e7182f31169fd8ad0a214ed6b306a7b0c,4d5a90000300000004000000ffff0000b8000000000000004000000000000000000000000000000000000000000000000000,EXE,PE_EXECUTABLE;TEXT_FILE
G:/Users\win10secu3\Documents\File\File096,File096,187180,f426e87d01f2d3d46e2217e053ffaf2b8f518511,6b8f2e87dfddec9238fb7252e63ad558,188899ce3ec824a842b71508e6a2b8fe96bb96d4bd7be338042a88df447f11b2,504b030414000600080000002100d571953ee10100007a090000130008025b436f6e74656e745f54797065735d2e786d6c20,ZIP,ZIP_ARCHIVE
G:/Users\win10secu3\Documents\File\File097,File097,132678,fe10fede7cc3507280bc6913686a0488224abf47,d9b96769f85876192c5efcfa556ab7f4,98758513eab9dec8874b5bbe1c651544721007d344f9d8945c95c76a70a20bf9,ffd9ffe000104a46494600010100000100010000ffdb004300080606070605080707070909080a0c140d0c0b0b0c1912130f,UNKNOWN,UNIDENTIFIED_FILE_TYPE
G:/Users\win10secu3\Documents\File\File098,File098,1684054,78146598cdd205e741b122cf067352b1d7ec9cb7,e23a82888ff953e592c9935f447348e7,a920e0ea11d2ba741547e289f88de354c5719366a8b3d32cf37db91cd68bd219,89504e470d0a1a0a0000000d4948445200000388000004ec0806000000c272ac0c0001000049444154789cecfd69ac6ddb75,PNG,PNG_IMAGE
G:/Users\win10secu3\Documents\File\File099,File099,352,a85e740b01159f63bf255c5feaa89eeb7a917766,492b46063a1fa97a738da1a411aad4d1,1458551d93f12aeada0bacd52b1e17f75167cc90fc09cf7504cce2b296352f65,0a22312e20496e7374616c6c20616e6420636f6e66696775726520746865206e656365737361727920646570656e64656e63,TXT,TEXT_FILE
G:/Users\win10secu3\Documents\File\File100,File100,27963,9be1f1347b642ed0becdc2fea3e4f272860a91d5,95b6f67c991027de4266a1e0e7e8d527,8d5335dba28ff705ead7a9f4c83872cdb0908e34f21421580a52c2ec8e72e446,504b0304140006000800000021001e27607088010000ae050000130008025b436f6e74656e745f54797065735d2e786d6c20,ZIP,ZIP_ARCHIVE
G:/Users\win10secu3\Documents\File\File101,File101,12816,cc1fab36ee81c119aae9856ebea2e1735a309b30,b022e52fae3ea7da7b43c8e80ca646a9,655ce7fca0959a0eeb39b41dc7bdf3e094558875fb433067b6abce1be34c7c08,4d5a90000300000004000000ffff0000b8000000000000004000000000000000000000000000000000000000000000000000,EXE,PE_EXECUTABLE;TEXT_FILE
G:/Users\win10secu3\Documents\File\File102,File102,196042,6bb6cc99155a64d8a0210ffeb2d455c4f67b32fa,63acfbba8e6e6dfba235018deaad7ab6,6f07fef56af1ab119fa864ceb2d4e47a1877573ad12d4adae77d44e854c19552,52494646574156452d312e360d25e2e3cfd30d0a35392030206f626a203c3c2f4c696e656172697a656420312f4c20313936,TXT,TEXT_FILE
G:/Users\win10secu3\Documents\File\File103,File103,7474390,310d4f9892781915a9b1a06be70a145e13089b8a,1f6d1bba0572b67079ce8b19f66377f4,fc04c312670430be2afbd2119e448d49c95d53351777cf308b0f95c94ce254ff,255044462d312e340a25f6e4fcdf0a312030206f626a0a3c3c0a2f54797065202f436174616c6f670a2f56657273696f6e20,PDF,PDF_DOCUMENT;TEXT_FILE
G:/Users\win10secu3\Documents\File\File104,File104,1286316,ceb6330fa3b9c7221d97447fff5201796eedc3d0,315c12e381824fa8187634f37e4d12da,b8c95670d177067441851cf45d2da12f39ec89bf3c9e85dea17a531ffadddfee,504b0304140006000800000021002b54510ed9020000a62400001300ba015b436f6e74656e745f54797065735d2e786d6c20,ZIP,ZIP_ARCHIVE
G:/Users\win10secu3\Documents\File\File105,File105,1426547,1f7d9c86df7456e49ea0bc11e8a6a86c4c07923c,2e8f9dd9eacb56032b79a06250e949a6,67cc5157e5d6ac139820be90071de05cf2d90400bb01f87610ec0b9f1aea9dc2,89504e470d0a1a0a0000000d4948445200000388000004ec0806000000c272ac0c0001000049444154789cecfdf993245b76,PNG,PNG_IMAGE
G:/Users\win10secu3\Documents\File\File106,File106,28944,9b6443c7c129555a34070863f8112406befea355,fe975f7601a2126ba0431d2e84cb71d8,f14a00c695926cd69546d07703f863828470524760afbce999abb84a6c13d900,450063006c00690070007300650020005000750062006c006900630020004c006900630065006e007300650020002d002000,TXT,TEXT_FILE
G:/Users\win10secu3\Documents\File\File107,File107,142129,85f3663b76b7a5cf7a6a7509c92bfbffc574a15f,62b5f962ab419a0e7d39693a47f6f8cf,9ae9a368cd561264a95abb5e5198f0b449c17afb9eb4eb93352f399978eac44a,ffd8ffe000104a46494600010100000100010000ffdb004300080606070605080707070909080a0c140d0c0b0b0c1912130f,JPEG,JPEG_IMAGE
G:/Users\win10secu3\Documents\File\File108,File108,1544836,90f76c4eefb5140ed52e3cb09aa9dafe54e90501,2083b7845475c50f4d3d0ce43abddf47,c4652a51f423257ee8f535c8ebab08230171ab681f25bfaed0caeaa7f4d91ecf,89504e470d0a1a0a0000000d4948445200000388000004ec0806000000c272ac0c0001000049444154789cecfde9b22c4992,PNG,PNG_IMAGE
G:/Users\win10secu3\Documents\File\File109,File109,556987,3ece35df69d47b45cf2f3d6cf825def15af9f531,a8db5b9ff83ebe7e87a3971576158977,03ef8efddfe82b94dd5ab780706f928bfb3c614e21fae4686e9812f06fc000b4,52494646574156452d312e330a25e2e3cfd30a312030206f626a0a3c3c0a2f54797065202f50616765730a2f436f756e7420,TXT,TEXT_FILE
G:/Users\win10secu3\Documents\File\File110,File110,2828,8e542857954afc39520828bcdd48bf58cd3f08eb,8b17d3c1a890583d649554e66df1c9e6,e64f9accbe14dc70a30ded34c08ff2a374e1b69a9ba777693eee04f83986d5af,4d6963726f736f6674205075626c6963204c6963656e736520284d732d504c290d0a0d0a54686973206c6963656e73652067,TXT,TEXT_FILE
G:/Users\win10secu3\Documents\File\File111,File111,146438,d21850fb8f7ff21a8d48aaa9bb928043416924eb,bbfd94f750618d4eb4fc8c3d6a9ff11d,be4813b07294520099ee561ef594396d61726eb042568cdca2bd27af6582e2d5,504b030414000600080000002100458c023abc010000640800001300dc015b436f6e74656e745f54797065735d2e786d6c20,ZIP,ZIP_ARCHIVE
G:/Users\win10secu3\Documents\File\File112,File112,41,82c0591ef8737c0e3a74a0b98e4ba4f9996f1189,c75dbb43150fd2ce4732c77ef9997def,c46cfe45b8b38d43397873bcb7fa2e4d17a4d20727e77ab8d86a66bc8acd9a32,406563686f206f66660d0a6563686f2052616e646f6d20537472696e673a202572616e646f6d250d0a,BAT,BATCH_SCRIPT
G:/Users\win10secu3\Documents\File\File113,File113,160547,eb7d1a333bc894fb8c1a9afa2f70768246f9fa0c,8019c9631f622de19c81a3e19df8b4ed,c556339e370a7f8bc3fd9c1966adad947090eb47a158f906f0a21e292cdc54ee,ffd8ffe000104a46494600010100000100010000ffdb004300080606070605080707070909080a0c140d0c0b0b0c1912130f,JPEG,JPEG_IMAGE
G:/Users\win10secu3\Documents\File\File114,File114,527117,83e2b181ad279115050e23bce261ddd082f1b650,9b702a3a329410a22d2877816ece84c5,7662e8701c4b0dd703a57a78f4be877a743315267c28fb78ced2ba2f286bb8dc,255044462d312e330a25e2e3cfd30a312030206f626a0a3c3c0a2f54797065202f50616765730a2f436f756e742032300a2f,PDF,PDF_DOCUMENT
G:/Users\win10secu3\Documents\File\File115,File115,1063014,65e3ec37850f9d2d5ef82f264171611be5414d5c,9e25484b1907186fa37395a4c3b79940,ad1d9a68a9007982adbf3af743d79b5e21bd8048c8ebf513cbed290406c26a4b,4d5a90000300000004000000ffff0000b8000000000000004000000000000000000000000000000000000000000000000000,EXE,PE_EXECUTABLE;TEXT_FILE
G:/Users\win10secu3\Documents\File\File116,File116,694240,73c3036755de9c36bd22f36f0238d56dfd094240,b153dc51097eaf6bc297727b41d16fa9,358f93a1d4b7abbfbb30e5e1cf307101626b20898ae1979c4cc53238f24ea25e,504b0304140006000800000021007476540cd00100006c0b0000130008025b436f6e74656e745f54797065735d2e786d6c20,ZIP,ZIP_ARCHIVE
G:/Users\win10secu3\Documents\File\File117,File117,64531,6a6a963ea8245d4034c2ebcc01e98e1c6feb3440,0d7783aa3a521e6d64aa1a829c5ea90a,9d21d85165b09487ce74a8b955757454616cda16525b02d2e2043f21de7c0bff,504b0304140006000800000021009cbd3ce3ce010000c40b0000130008025b436f6e74656e745f54797065735d2e786d6c20,ZIP,ZIP_ARCHIVE
G:/Users\win10secu3\Documents\File\File118,File118,1080656,c278fc9f054943a8bc9fb22e322e588d30494a4b,e729b5cc0ca22d973378a595f0c02cf8,624ee8195382d2c555046293546c65c215e25751b75c0aedaa8a842cc22aca11,4d5a90000300000004000000ffff0000b8000000000000004000000000000000000000000000000000000000000000000000,EXE,PE_EXECUTABLE;TEXT_FILE
G:/Users\win10secu3\Documents\File\File119,File119,555,8960ef02e567df940ebd6bd1f46c06a3565fbcf9,fdea5ae8a8ede952bc58bdb26b47d57a,1b94ffee23b76220566a8507d7e1b0b1940a971e1a700d4496658fcd3b5f5f8c,efbbbf3c230a2e53594e4f505349530a09496e7374616c6c7320547769747465720a2e4445534352495054494f4e0a095468,PS1,PS1_POWERSHELL
G:/Users\win10secu3\Documents\File\File120,File120,572,6d9e489b5b0f096484935299db389aa2fc42332c,0f3ee7c9eb9340ae44a93bfcd27523ba,13a6ac51b47813e8e2bc1fea590c05cc6bc8e3ad964e3518de976d3ebb66f8f9,efbbbf3c230a2e53594e4f505349530a09496e7374616c6c73205468756e646572626972640a2e4445534352495054494f4e,PS1,PS1_POWERSHELL
G:/Users\win10secu3\Documents\File\File121,File121,345850,65b6579a5c5dbe6d42f49031bb4c416a0d36f254,78db5fb8d3b5f11d349384c5c808d94c,efbbc257b678eba3fd5a0d5ed8d5490a4a55fad8e4cd1e491a6b8cfcb3ac6945,504b0304140006000800000021009f04c7c538020000541000001300c2015b436f6e74656e745f54797065735d2e786d6c20,ZIP,ZIP_ARCHIVE
G:/Users\win10secu3\Documents\File\File122,File122,572074,83e586e9a4ccd04f8c77cf11bca3d1339e891340,423e0563fe719395891fa51a000a41ad,af914f86a773bb8a035937c1603ae4cc1576b83dc6e4149bbf3d5f1219500015,504b030414000808080048a5755900000000000000000000000012000000776f72642f6e756d626572696e672e786d6ced9b,ZIP,ZIP_ARCHIVE
G:/Users\win10secu3\Documents\File\File123,File123,521414,e84d7eedce3c34193739ab5f41af545a56467971,bd0ea60d14eea5566361109dc08af4ae,2c174db14e47a3582b5949c040ee19766c0a1e79810b924609c737ef14a77de6,255044462d312e350d0a25b5b5b5b50d0a312030206f626a0d0a3c3c2f547970652f436174616c6f672f5061676573203220,PDF,PDF_DOCUMENT
G:/Users\win10secu3\Documents\File\File124,File124,173180,eeb2d7a4366130e5523204e5e85832c7a0b2d5be,d2183bc6bc61647833e480df21079df5,115d22a6395054520a5e9e5e3e3d802ed1e2152455daea71b1bbb3fb3818cfcd,ffd8ffe000104a46494600010100000100010000ffdb004300080606070605080707070909080a0c140d0c0b0b0c1912130f,JPEG,JPEG_IMAGE
G:/Users\win10secu3\Documents\File\File125,File125,1591997,e182a3a956d31cf17eae094508ecda51bdf0f9b3,b4eb8e22a873e2bff9a2c056c20da979,314241eeef941f55c2be2c9da7d161d5c55e91c020f2fb5e8af91e418a695f4e,89504e470d0a1a0a0000000d4948445200000388000004ec0806000000c272ac0c0001000049444154789cecfd67b465c975,PNG,PNG_IMAGE
G:/Users\win10secu3\Documents\File\File126,File126,1502871,2515298c9ac3310c0edada1f005041b1dacc8750,eff3a759ab08c2c95fdba8c3cde7c1f8,ec201bdcb6f90ca2416ded4104e63c1a1f08ea14f4c22a2cbda99ee6c8259b6f,89504e470d0a1a0a0000000d4948445200000388000004ec0806000000c272ac0c0001000049444154789cecfd77b025c979,PNG,PNG_IMAGE
G:/Users\win10secu3\Documents\File\File127,File127,154510,ce30a350e536ad0ae9af5f625a0213d6fbdd8e6b,07167ed9288a6fb574bbb0ad229bf1b0,e188f2817b33216c311c017d1b92e112abcb5bee1a2d4437efc58ab7490cc273,ffd8ffe000104a46494600010100000100010000ffdb004300080606070605080707070909080a0c140d0c0b0b0c1912130f,JPEG,JPEG_IMAGE
G:/Users\win10secu3\Documents\File\File128,File128,87,52bf71c606ab98d918cda1fae17ecbdaf58fe34d,c79e9121e51d9373a410b53ae8a3d964,aecfaf78992755f73ee068196d43a6775e2ece96c2770171529e2517633396b6,406563686f206f66660d0a736574202f6120636f64653d2572616e646f6d25202525203235350d0a6563686f204578697469,BAT,BATCH_SCRIPT
G:/Users\win10secu3\Documents\File\File129,File129,217395,c0ec1fdf59c40d422a2fc1d63bc7fb23c845db7a,321ae2c8ccc6a16073c16910ec598891,34768eb405fa77fd6375a3d87e40ad1df08c268171dfaf20230774e6c7612a8f,255044462d312e330a25e2e3cfd30a312030206f626a0a3c3c0a2f54797065202f50616765730a2f436f756e742031390a2f,PDF,PDF_DOCUMENT;TEXT_FILE
G:/Users\win10secu3\Documents\File\File130,File130,100153,5be30928b8af0b3e684761d3e192bc7d52692a0e,1e40fe728f54ab560be84048b37e2136,1e6534a07ccd6b616c9a80228698c73903dce2aad3053db598e9ae8ab4788c1e,504b0304140006000800000021003d578734c6010000bf080000130008025b436f6e74656e745f54797065735d2e786d6c20,ZIP,ZIP_ARCHIVE
G:/Users\win10secu3\Documents\File\File131,File131,26769,25d67d32197d0c32dab7c19404d7d33eb6c3e89b,ec026d8ed4a1aeaeca8eeb4e7bd17715,ca081c2d441688ece3475cdbd3136d3249fe993605e1053eeafbbb441f9486d8,504b030414000600080000002100a674045285010000ac070000130008025b436f6e74656e745f54797065735d2e786d6c20,ZIP,ZIP_ARCHIVE
G:/Users\win10secu3\Documents\File\File132,File132,588152,7c0efa4720977994df80da127d1f3fd7f278d197,d0787c3ca7aab644472e1a015c23597c,d795e506a98b382038c9b29117996c95f2edf9388105fc61347539c8312fbc83,255044462d312e360d25e2e3cfd30d0a3433312030206f626a0d3c3c2f4c696e656172697a656420312f4c20353838313532,PDF,PDF_DOCUMENT
G:/Users\win10secu3\Documents\File\File133,File133,159149,0d7e846937431043925526e882e17ca758adb83d,89e432c568ecd36d5136ce58c923eb9a,0dcaf05f6c9f659cb8e342464316504b7ee03cb0aaae1731307206bb8130d74c,ffd8ffe000104a46494600010100000100010000ffdb004300080606070605080707070909080a0c140d0c0b0b0c1912130f,JPEG,JPEG_IMAGE
G:/Users\win10secu3\Documents\File\File134,File134,744699,711fdd86b47733ffdeeec89f21a52c540ee7c23a,d6eadec77ea7a7436fb9e5f39bdc9b36,338d8b3851a2bed5444ff6364c5b70d6e5e1901195611e4a0a7592423375cab9,504b0304140006000800000021003d578734c6010000bf080000130008025b436f6e74656e745f54797065735d2e786d6c20,ZIP,ZIP_ARCHIVE
G:/Users\win10secu3\Documents\File\File135,File135,5765224,363e3fb566ee15d4f4a5c35ceefbd5d1a5343f03,14ca718fd2c6718e4a31472da950627a,dbcc6774709f846bfd632ba7f29bc152b24a5afcd431e1c875a7e67e97c9f6b3,255044462d312e370d25e2e3cfd30d0a312030206f626a0a3c3c2f4163726f466f726d2035203020522f4c616e6728656e29,PDF,PDF_DOCUMENT
G:/Users\win10secu3\Documents\File\File136,File136,1809714,369cc313e0ff83e79e030eb69673e2287386f3d8,31bbd83292460bdfb30a7bd9ff9aaf4b,e9e9b42ee499b4d0e717bbfece1011af2127c9bc70dd9d1e8feb0a59e654c2f7,0000000d4948445200000388000004ec0806000000c272ac0c0001000049444154789cecfd5bb32449921e887daa66ee1e71,UNKNOWN,UNIDENTIFIED_FILE_TYPE
G:/Users\win10secu3\Documents\File\File137,File137,1359,892b34f7865d90a6f949f50d95e49625a10bc7f0,81543b22c36f10d20ac9712f8d80ef8d,36266a8fd073568394cb81cdb2b124f7fdae2c64c1a7ed09db34b4d22efa2951,426f6f737420536f667477617265204c6963656e7365202d2056657273696f6e20312e30202d204175677573742031377468,TXT,TEXT_FILE
G:/Users\win10secu3\Documents\File\File138,File138,663177,418baca3e862279dd832d4489d6a82d8665168ba,302b502d4e62ce9364d06014e544c095,41074035c291360d30b057eab0418219e3c531bb3186be50bb15bffbb8d7fb64,255044462d312e370a25e2e3cfd30a312030206f626a0a3c3c2f436f6c6f7253706163652f446576696365477261792f5375,PDF,PDF_DOCUMENT
G:/Users\win10secu3\Documents\File\File139,File139,168,de10d7b09c2b49ae3b8beda9ee949f1cf084a519,0618ec59c2401e95bc66f5f48bb46bdc,2c214b7b450719ebdfde3e695e521d5b68592086983ee6bec6b9cc8a9983fab2,406563686f206f66660d0a7365742073656e74656e6365733d48656c6c6f7c486f772061726520796f753f7c4e6963652077,BAT,BATCH_SCRIPT
G:/Users\win10secu3\Documents\File\File140,File140,157962,64d091ad38f3289dcdaac720635577f1fabbcea6,f83e3fd9b34363578c2128dc3eac6f01,2616a07362b644bcaf0bdb9f045cf066d1dc270dc3ccce937d4922d73954007b,ffd8ffe000104a46494600010100000100010000ffdb004300080606070605080707070909080a0c140d0c0b0b0c1912130f,JPEG,JPEG_IMAGE
G:/Users\win10secu3\Documents\File\File141,File141,472874,c33584ab2f523cbb8556599ccbefc67129602668,ac1b94145d5bf11f34eba1137d8b39e2,e9b15661934525f6e87edabbc0ada0a8604398b2f1f47435803a9cec645a3881,4d5a90000300000004000000ffff0000b8000000000000004000000000000000000000000000000000000000000000000000,EXE,PE_EXECUTABLE;TEXT_FILE
G:/Users\win10secu3\Documents\File\File142,File142,2693126,ab486d834224d33b59515b7d1c738911b949c126,ecf92b48eaa6ff7d658170aa49a6e660,c6d39b4da918770a0a8ba7af099d3fe93723b0fa335814e073d2aa75d1c18bd9,504b03040a00000008000000210003e47bfec703000091130000140000007070742f70726573656e746174696f6e2e786d6c,ZIP,TEXT_FILE;ZIP_ARCHIVE
G:/Users\win10secu3\Documents\File\File143,File143,1635658,b0e30d82001184e7373b2576fc229609046f104f,cef114c5875ba465fbdcb7dc7b297a42,81759f96075607fb7a984d8e9a6471e85a637146fec753e48eefe4d05a37e626,ffd8ff0000000d4948445200000388000004ec0806000000c272ac0c0001000049444154789cecfd599324499226887dcc22,JPEG,JPEG_IMAGE
G:/Users\win10secu3\Documents\File\File144,File144,2490902,e601679953b0423457f636adb46fd7b3192cf6e1,d19b96636f75b86f0f2740e6434e7b6f,fdf18d8256d5950e63a8ae81982706e49c206760e03896555156f2d935718b9c,504b03040a000000000000002100ffffffff1c0200001c020000100000005b74726173685d2f303030302e646174ffffffff,ZIP,ZIP_ARCHIVE
G:/Users\win10secu3\Documents\File\File145,File145,82840,50314186f6005a2f6383fbfb9f112588096a9323,d688f330a67743da9edf360bd87a4757,dff503b08e4f8818a56b64390d279d741919f743891329a4280bbb0061f6b2c0,504b030414000600080000002100ffbf187a2e020000570d00001300c2015b436f6e74656e745f54797065735d2e786d6c20,ZIP,ZIP_ARCHIVE
G:/Users\win10secu3\Documents\File\File146,File146,3072,dbba2d945d3a10d313896d32d90af9278559bba6,290a44f94f15d6ae35915320294947f6,31096b3f8270edc5ddcb3dbd462c41afb39b2caabb928aa6938010a7e24578f2,4d5a90000300000004000000ffff0000b8000000000000004000000000000000000000000000000000000000000000000000,EXE,PE_EXECUTABLE;TEXT_FILE
G:/Users\win10secu3\Documents\File\File147,File147,156,15d07a19e6cdfeca5bec0472779a3a4258e759e2,a4da80722c9b88f6fd9261637af70098,2ddbd5f4ce4eccba52f3cc7ecf4929dfb571361d97a33ab3246617f70c9d482f,406563686f206f66660d0a736574206d6573736167653d4c6f6164696e672072616e646f6d20746578742e2e2e0d0a666f72,BAT,BATCH_SCRIPT
G:/Users\win10secu3\Documents\File\File148,File148,315392,c87af5eee0cfaf88c5176d1ba7591bee24a32673,ef063d467563865aa7a97b4dae9924ce,9e345ad76741371fbba34da23c39ccc3897ae35846ee44ab79fbfe18d3a9fd4e,fffb90000300000004000000ffff0000b8000000000000004000000000000000000000000000000000000000000000000000,MP3,MP3_AUDIO;TEXT_FILE
G:/Users\win10secu3\Documents\File\File149,File149,27228,98629156401fa0e895aed31c838fd1519d2674ec,0a35b9503060597bb052f21b4b4290d6,ca651505e86f7be138e5fc8a11b450a175064952e4bf882c332aba1831497212,504b0304140008080800ce13765900000000000000000000000010000000776f72642f666f6f746572312e786d6ced57ff6e,ZIP,ZIP_ARCHIVE
G:/Users\win10secu3\Documents\File\File150,File150,955283,06b1ffb9db80cdce1e1623453882ed96b9602335,4cc3cee04f7e695a8de8591e15f19fc1,9db6a42860fa24a4f1b731f6ec736bd1235f95806c66b6d27064dde5917a974e,504b03040a000000000000002100ffffffff2002000020020000100000005b74726173685d2f303030302e646174ffffffff,ZIP,ZIP_ARCHIVE
G:/Users\win10secu3\Documents\File\File151,File151,4723372,4247d02a033cb899485941a63f2f36e76c76c65f,c0e566ec23e885ddeb11e5a4070fb841,861b99687b257f226a124b0bf7d028d46bef5cfb31cccf4e68bd448af06fc2d4,504b030414000600080000002100b7bbc7dca402000000250000130008025b436f6e74656e745f54797065735d2e786d6c20,ZIP,TEXT_FILE;ZIP_ARCHIVE
G:/Users\win10secu3\Documents\File\File152,File152,151135,c5eec9ec4683f0eafa40897a37d7d88b52fc21a6,d647f67138863d8bf85b246774392709,6329dda11c90cc6461e58fbebfb0ed1ae744d5177b647748826eb22472b128c4,ffd8ffe000104a46494600010100000100010000ffdb004300080606070605080707070909080a0c140d0c0b0b0c1912130f,JPEG,JPEG_IMAGE
G:/Users\win10secu3\Documents\File\File153,File153,40590,8ade27f7dcc94cc0537bfa99754daaf97b8adbff,07b039a576b247f2719d7c1372e7d1c7,2d722a116f991e38f3f64fd486109be6280d91c1804682b4e40f67a7682d899f,504b0304140008080800babb755500000000000000000000000010000000786c2f636f6d6d656e7473312e786d6c8d53cb6e,ZIP,ZIP_ARCHIVE
G:/Users\win10secu3\Documents\File\File154,File154,22534,926b7d6b492c6f9c315cfbfbec82a7bbcad7d30b,a1c1ccba318f1630f5ffbdca6cdd12b2,42f2787a27c9889b60b1ef6da602c57c9a4fe0b6a945c7cc0fda60a8980d7e35,45006400750063006100740069006f006e0061006c00200043006f006d006d0075006e0069007400790020004c0069006300,TXT,TEXT_FILE
G:/Users\win10secu3\Documents\File\File155,File155,301568,ef57d337b2480bf4981091d9ec3072494f3c76f1,774faa35314ccf72d1b9d841b4532b03,3e30293590a4f124e5ad3a783f312f0a4607331799d31e103011a90af5aa8e92,4d5a50000200000004000f00ffff0000b80000000000000040001a0000000000000000000000000000000000000000000000,EXE,PE_EXECUTABLE;TEXT_FILE
G:/Users\win10secu3\Documents\File\File156,File156,347444,a8a0da335bc884d7c7314719036f326c92233995,8e984f349c1855d2ac331a822f548ddd,2dc04d6ab4d83b63c572f6a2aa0817c70394b8cb7342ea603a04e8cee59d764e,255044462d312e370a25f6e4fcdf0a312030206f626a0a3c3c0a2f54797065202f436174616c6f670a2f5061676573203220,PDF,PDF_DOCUMENT
G:/Users\win10secu3\Documents\File\File157,File157,10483,5c86fc5e9473205eba78ad2f46718d01c588b502,362889c21e1a9f7404c13205ea1b9fde,320bee996580871e3863b5d8bcb333a83519bff327e2764bb82f84065f44d25d,41636164656d69632046726565204c6963656e736520282241464c222920762e20332e300d0a0d0a54686973204163616465,TXT,TEXT_FILE
G:/Users\win10secu3\Documents\File\File158,File158,631,1e768d7f6c7229c0db5e17f636f203ee2e084f72,5eba08d45abbd9fdbf82cc748a2b9774,164de5ced33b91f414e4837d123d2d77b44a1abc6bd23ccb8183f0e1355d0d9b,efbbbf3c230a2e53594e4f505349530a09496e7374616c6c732053706f746966790a2e4445534352495054494f4e0a095468,PS1,PS1_POWERSHELL
G:/Users\win10secu3\Documents\File\File159,File159,317088,dd56bde584ef1c333304c30f2cfa7311f576139a,2fb6c16c0f1c39d9ec32dbb311990b9c,c50e84b679470efe6494352ebef66cda2b5bda1dd30981036ff4faaca28d9544,4d5a8b000300000020000000ffff070000016540000000004000000001000000000000000000000000000000000000000000,EXE,PE_EXECUTABLE;TEXT_FILE
G:/Users\win10secu3\Documents\File\File160,File160,4096,bee2ed1bea54e7d00b1bd0d44d817406d74a2af3,5b88c51ea10f9db362369f3d71bea569,d0e714e047c50e9635d0eb408a19a5487f64950d40aa7e3f5fb03fd80550d9ed,4d5a90000300000004000000ffff0000b8000000000000004000000000000000000000000000000000000000000000000000,EXE,PE_EXECUTABLE;TEXT_FILE
G:/Users\win10secu3\Documents\File\File161,File161,50971,b75a7ca6961ffdcafd25f6b3b5a523a71b0fefc1,c875c6cc8e2086011748fd6f9de83ff9,b424fe8fe48d94e754bf63fc1d31eca150177edbd63065873931b833b1d92c8d,504b030414000600080000002100b5cf3e7b02010000bb0200000b0008025f72656c732f2e72656c7320a2040228a0000200,ZIP,ZIP_ARCHIVE
G:/Users\win10secu3\Documents\File\File162,File162,28514,7be93d31bbb834fd3e1a0733d8d507ee168852a3,174c53b13bb9ddbdb1984108cf13e210,19cfcbd8a84eafdc7d99627b9a8e6a3b38d2414e124a412cd928ff0c3107467e,504b030414000600080000002100a404cfe97101000098050000130008025b436f6e74656e745f54797065735d2e786d6c20,ZIP,ZIP_ARCHIVE
G:/Users\win10secu3\Documents\File\File163,File163,174733,68623a4e28d08d0de4e03b9089981c77563d58ba,0691b1534a7b7dfa1f311471d386d105,a318143f9603d13e7c8f2afbcb27d8dd4045676773ea4170e60543e39f9d5aef,ffd8ffe000104a46494600010100000100010000ffdb004300080606070605080707070909080a0c140d0c0b0b0c1912130f,JPEG,JPEG_IMAGE
G:/Users\win10secu3\Documents\File\File164,File164,12440,f0eefa4f62179cf8ed63de2d287512089e95a9be,f3dec47bdc290fb01d5d908775321ea7,2d6f7296759859738048cf02b07f381cab62045037950e590f419df824adfc36,4d5a90000300000004000000ffff0000b8000000000000004000000000000000000000000000000000000000000000000000,EXE,PE_EXECUTABLE;TEXT_FILE
G:/Users\win10secu3\Documents\File\File165,File165,696,6e09b863e9d2f5d7bdff1e2b2bd4e4afef7876dc,1d786070021811ce3d962a420d868155,1adecb3b5a3882cedce9fd64cddafebdcb045fe7035aac8f02ffe64dc827593c,efbbbf3c230d0a2e53594e4f505349530d0a2020202020202020496e7374616c6c732043686f636f6c6174657920286e6565,PS1,PS1_POWERSHELL
G:/Users\win10secu3\Documents\File\File166,File166,3072,2c8951f8b0528ea9db00688cd76e14383ed0ed21,1af712a59ab34e0c131b40018d31c0f2,565d4e064b9757bf3e30ff5f229f401c113aa6f073eb823f6d8994be5b189f0b,4d5a90000300000004000000ffff0000b8000000000000004000000000000000000000000000000000000000000000000000,EXE,PE_EXECUTABLE;TEXT_FILE
G:/Users\win10secu3\Documents\File\File167,File167,1233,d88c7c5224c1139118602158ad1d0217210780b0,dfb1b490080d1aae0067e35550910c4d,147a3761456127bcb8ada2c34728a301d01acd316946aad7d605c3a9ce37e6f2,54686973206973206672656520616e6420756e656e63756d626572656420736f6674776172652072656c656173656420696e,TXT,TEXT_FILE
G:/Users\win10secu3\Documents\File\File168,File168,7815,288f748f941f87169209eb1a058034c9a83e9b48,cc46e3e9ef97cbdc56318ee7ff23d73e,f831e7eed577481687a9bc0b48024e5e40b6f655fcde073ede964b50be5d55d9,20202020202020202020202020202020202020474e55204c45535345522047454e4552414c205055424c4943204c4943454e,TXT,TEXT_FILE
G:/Users\win10secu3\Documents\File\File169,File169,781,35c5bf4c4b20ff967dc35d6dd1ed79037f3189b8,d44a541590b9d5973136d0e595da9ae2,5ca9c2b5b336be53bfe6310c3ea4a51f85d003898e267d9871803d05b1c1214f,efbbbf3c230a2e53594e4f505349530a095072696e747320746865205348413531322068617368206f6620612066696c650a,PS1,PS1_POWERSHELL
G:/Users\win10secu3\Documents\File\File170,File170,6138710,18771e2a544fdaffb6403aedf84b539f9d1fdb22,fb9de5ec633240495f1ee57735839420,bf2180708e187ea7b3118b65d83767054c8fbdfc258c3fc7d0980f4d936de028,504b030414000600080000002100c3aa5d0e8d020000581d0000130008025b436f6e74656e745f54797065735d2e786d6c20,ZIP,ZIP_ARCHIVE
G:/Users\win10secu3\Documents\File\File171,File171,1011368,976a891eb695b834305d28d287311793cf803222,19af6dc29171e27844e34c3c807231d9,021ea4dc427c81adebedb8152f67e67de7dc74417b65c2e276c58ca7d27112fc,504b03041400060008000000210033a54b358a01000099050000130008025b436f6e74656e745f54797065735d2e786d6c20,ZIP,ZIP_ARCHIVE
G:/Users\win10secu3\Documents\File\File172,File172,17097,018baebf31f8635703aa99d8e66ee097760a46f8,e322949af834af9a143a29625e33a4e4,f98118e352c0c17b1bd04afee6f258d5c29116bf5e6b74fa0a28148ab372519a,4d6f7a696c6c61205075626c6963204c6963656e73652056657273696f6e20322e300d0a3d3d3d3d3d3d3d3d3d3d3d3d3d3d,TXT,TEXT_FILE
G:/Users\win10secu3\Documents\File\File173,File173,19232,06849f3bfb38b3b4aa5e2a0c0ac88734478bb9f7,3c555bd977fd395f0e3e0b3758071d52,d042f2a62c3169aae27e079f596effacf5c7d98e3777f230908e1a27f97d4aeb,4d5a90000300000004000000ffff0000b8000000000000004000000000000000000000000000000000000000000000000000,EXE,PE_EXECUTABLE;TEXT_FILE
G:/Users\win10secu3\Documents\File\File174,File174,113,474981497504ac58781039c01b9d3b32b18ed191,a8dfc4d3598873ff3fd86e28be66108f,40e4e9e028ff2c341f0f10c7e39bf16bb5328d3faa71e87b4e9bdb117101f0da,406563686f206f66660d0a736574202f6120613d2572616e646f6d25202525203130300d0a736574202f6120623d2572616e,BAT,BATCH_SCRIPT
G:/Users\win10secu3\Documents\File\File175,File175,829,989ae95e6645c4f35a6326c1e69973954b2d75c8,ec7522bc9873d8fb52d2dba4f19161ea,e1be23b940aa48907364cf126cd3ba656d13f6e9db0317f5072e22952e3c36f2,efbbbf3c230a2e53594e4f505349530a09496e7374616c6c7320564c430a2e4445534352495054494f4e0a09546869732050,PS1,PS1_POWERSHELL
G:/Users\win10secu3\Documents\File\File176,File176,3072,3001282ecd140d7120b94da8defcb02dbb26a8b0,6d8a087c87e8c522ae0b7948357ee226,827be39a735f8c49e3fc483b5a57401c463c0aa306ab14f277f20453f45833a1,4d5a90000300000004000000ffff0000b8000000000000004000000000000000000000000000000000000000000000000000,EXE,PE_EXECUTABLE;TEXT_FILE
G:/Users\win10secu3\Documents\File\File177,File177,12064,3c28b3063ce80b3fd61e0afc6934e3180f5bef12,894e538fbd29d9af2dac82abbb798aa8,b12679d33126d2dcb0cd3625fccf5c3afc40d95c1be36dc55f7471de94929d23,4d5a90000300000004000000ffff0000b8000000000000004000000000000000000000000000000000000000000000000000,EXE,PE_EXECUTABLE;TEXT_FILE
G:/Users\win10secu3\Documents\File\File178,File178,608,ecf760f19d07c912466db0f04b5bebb91cb07a22,955ddefc4f016045fb167016e499dd15,8f10f3044eedf59e35d2a9b06eafeb6c73acfb25cb2cbac88b55e57e49034e9d,efbbbf3c230a2e53594e4f505349530a09496e7374616c6c73204e6574666c69780a2e4445534352495054494f4e0a095468,PS1,PS1_POWERSHELL
G:/Users\win10secu3\Documents\File\File179,File179,9093,6b0e6307e68f873cc4c01e3c9d02b61269784b85,130668abb2367024e10447831c36f700,2d0f446840b79edc6392af5a19603d1092bf816a0853aa7e4017029ba05c7616,090920202020202020546865204172746973746963204c6963656e736520322e300d0a0d0a0920202020436f707972696768,TXT,TEXT_FILE
G:/Users\win10secu3\Documents\File\File180,File180,2071847,faef2d937021c3ca367f275f0128b5ebaf50dbd8,6a9a905f16f64919e6892a2e8d37a5b7,93ad8b3ae0098063a59ecb9d4784d6222778e52c7c5f1d18238992842ba02ed6,4d5a90000300000004000000ffff0000b8000000000000004000000000000000000000000000000000000000000000000000,EXE,PE_EXECUTABLE;TEXT_FILE
G:/Users\win10secu3\Documents\File\File181,File181,9567,c19d042042cfe77f58ce28d55eca3f9741ba942c,cdc2e1b7b617de1db19b5820fc9380a0,8a44bdbeaa77f132076aba2f6e3f59738ea5f75cc17717536c65f862aaa3131c,504b0304140000080800423d3c5a479244b25a010000f0040000130004005b436f6e74656e745f54797065735d2e786d6c53,ZIP,ZIP_ARCHIVE
G:/Users\win10secu3\Documents\File\File182,File182,490858,7774fd6a224c351c149d5db71d5c40fcfa762bf1,adc7a2cddbfa9080df9a9bce33153410,2e4e83d7d42bbd305f4bb20a15f0f4b3346b7b335cb50d8c3a546f681ca1b832,255044462d312e340d25e2e3cfd30d0a313231332030206f626a0d3c3c2f4c696e656172697a656420312f4c203439303836,PDF,PDF_DOCUMENT
G:/Users\win10secu3\Documents\File\File183,File183,34148,ed4ac6cf06a6828888f24b58416542dacf6e9960,5c4c9c4f71b373d50967fea0d9293b80,42efce0f18b4f04638c0f8804ac4b80a69992259e8e4cd842fe6b105eea3bfb2,504b0304140006000800000021001cadb2d2fa0100006d0b0000130008025b436f6e74656e745f54797065735d2e786d6c20,ZIP,ZIP_ARCHIVE
G:/Users\win10secu3\Documents\File\File184,File184,1660287,6faea83b19c6cbd392abe6df9c6fc0d10570d67b,edf9fd64840aca234a2cf40acd08026d,ef084f96946a33800a10c8cc5baea73a48025bcb100e1ab2c7f9c68fdd5755c3,89504e470d0a1a0a0000000d4948445200000388000004ec0806000000c272ac0c0001000049444154789cecfdf98f245b96,PNG,PNG_IMAGE
G:/Users\win10secu3\Documents\File\File185,File185,870117,b8fc3a4d1bb60155967dbf863b71ddd42148b1e0,5b1392a9f190a431ac6bac3b2f5be47c,5a61ca0690a051e9dace2cacd65a9aa956278cbef643e4a259d37d8b1da2055a,504b0304140006000800000021009634826862020000281800001300c5015b436f6e74656e745f54797065735d2e786d6c20,ZIP,ZIP_ARCHIVE
G:/Users\win10secu3\Documents\File\File186,File186,2176,1376127733d1bfb923dafc1aa0d47dcd078cd97e,cd58b4860366a300cfb76a652d6e1dbf,c665a33a2462010c88cc488ac006544014700c2d19b931e528cf40041cc5e9b0,4d004900540020004c006900630065006e00730065000d000a000d000a0043006f0070007900720069006700680074002000,TXT,TEXT_FILE
G:/Users\win10secu3\Documents\File\File187,File187,23570,028eee19afce5d914baec769287298cb9a3f8b8e,77d26a68e9264e9facac4242de2e740f,d0a731438645729fef6185853644eb033f08944318d6085f46c9561a1a7dc074,504b030414000600080000002100b5f6d3968d01000021070000130008025b436f6e74656e745f54797065735d2e786d6c20,ZIP,ZIP_ARCHIVE
G:/Users\win10secu3\Documents\File\File188,File188,10470,c7324e8cca9b6ac3a39e2baaa564d52e13966a9f,ce1742175ff199f4d207ac4edc013419,915c0560471eece77640068019d519f6f5cb345877fc4b7b2006a2cc58277ddf,4f70656e20536f667477617265204c6963656e73652028224f534c222920762e20332e300d0a0d0a54686973204f70656e20,TXT,TEXT_FILE
G:/Users\win10secu3\Documents\File\File189,File189,95254,431f43d1284050f1a979a7260e72910213395704,38c425bff814be81cacd15d2b4bcfeae,61907f67de8563ebbc76740b23bd97e332cb78a052b4491e9d7f740946cc692f,504b030414000600080000002100885e620bca010000220a0000130008025b436f6e74656e745f54797065735d2e786d6c20,ZIP,ZIP_ARCHIVE
G:/Users\win10secu3\Documents\File\File190,File190,1799942,aef536ba6dd1c9f499815a869340642f8a1a7d2a,2ebe5a3b54f71e08d247aaacd9536fc7,4ed04cdb00ed9809033efbf8f9ad3debee924ff4564f200c96d88a9dc508d7dd,89504e470d0a1a0a0000000d4948445200000388000004ec0806000000c272ac0c0001000049444154789cecfde9b36dc775,PNG,PNG_IMAGE
G:/Users\win10secu3\Documents\File\File191,File191,148835,ae984a2eebfad940599f7bc75bd60838d6d4eb2d,7c3c2be5d0f5bd562546cc8d03829aa4,19df1c62878cf4ef4634f87f35ad6b66a1df5433e9341772efa0ab2449962e92,504b03041400060008000000210058793607df010000230a0000130008025b436f6e74656e745f54797065735d2e786d6c20,ZIP,ZIP_ARCHIVE
G:/Users\win10secu3\Documents\File\File192,File192,319563,78642c9626ac9ca7e1812f397923b81a0adfabf2,eb0293aa9d3cd061798d7fe931dc5fa6,105e7abe3ee6468f590368d72d02b63ff6eafe147a0cfdd994f952e2b7c9acbd,90000300000004000000ffff0000b80000000000000040000000000000000000000000000000000000000000000000000000,TXT,TEXT_FILE
G:/Users\win10secu3\Documents\File\File193,File193,466915,420cc47965de6c73fe3065931d8d6fef01792ea2,a7f70b3ec9911480be7dacbd1e37820d,d3f23962bd711525f1e2797f0ec17f15d2a0b73665065bd20cb45d23fa6e3c99,504b03040a000000000000002100ffffffff0c0200000c020000100000005b74726173685d2f303030302e646174ffffffff,ZIP,ZIP_ARCHIVE
G:/Users\win10secu3\Documents\File\File194,File194,1641870,355ed21d8da04a0ea27205b807979240fbefb356,44661e9d8e0b19cc4cdc71c58dac4595,9c78b4fcd0a2b8c46af7574db506f6e5c1ae85250034bef6e52c26aa88424b59,504b0304140006000800000021003e1188ca6002000047190000130008025b436f6e74656e745f54797065735d2e786d6c20,ZIP,ZIP_ARCHIVE
G:/Users\win10secu3\Documents\File\File195,File195,87316,3e38c02ce6df71a9aba792e89ea20beeb8032819,8581f7c7288375f14b8f164c83ea0ac9,c0f86d1003cd3c7117dc032b943928910944d00a61de2b3aef60f51c902c896f,4344303014000600080000002100714b4e1205020000ec0c00001300cd015b436f6e74656e745f54797065735d2e786d6c20,UNKNOWN,UNIDENTIFIED_FILE_TYPE
G:/Users\win10secu3\Documents\File\File196,File196,1379663,8e63f741347a04d664a023c6ec09c6c8ac99d327,3acb832c0b5bcd7df8cc140a771c612e,9e22d6eedee0a3399dc254fdfa1695b4a33e37782c2fe7dddca72f137e831c3c,504b03041400060008000000210062ee9d685e01000090040000130008025b436f6e74656e745f54797065735d2e786d6c20,ZIP,ZIP_ARCHIVE
G:/Users\win10secu3\Documents\File\File197,File197,2454899,8ff3d262e9c83355e5c7ca3255c0688b53c6c983,abfdce4332a47d0056f54ecd5ff64e41,f5afab8876440ad6cb9b95a3988d0d97bc9eaffef86a3d668e74237d7013bd0b,504b0304140008080800d241755900000000000000000000000010000000776f72642f686561646572312e786d6ca595db8e,ZIP,ZIP_ARCHIVE
G:/Users\win10secu3\Documents\File\File198,File198,10412619,93c63eb338cddb1cf2e23374e2bdebdf79302f4c,dd461e6bc31f224519587dffd93048f8,ada5a897f6c0a25fd1f71df86455346435639000cd10f1dae3d32675ecc75660,504b03041400060008000000210099557e05f9000000e10200000b00f3015f72656c732f2e72656c7320a2ef0128a0000200,ZIP,ZIP_ARCHIVE
G:/Users\win10secu3\Documents\File\File199,File199,266057,cf4cfbf3c7f8db99bedb4b58242b5a93f2e24408,fd3900a6c106515c2db20b09720c7b3d,be349d9ae09d8cf0f9065dd7a790a41416d3ebf93eb75015bd852266d3b223f9,255044462d312e370d0a25b5b5b5b50d0a312030206f626a0d0a3c3c2f547970652f436174616c6f672f5061676573203220,PDF,PDF_DOCUMENT
G:/Users\win10secu3\Documents\File\File200,File200,1543898,c5c554b41d7005dafdbfc89c4f4b776331cabc48,cb98f5f2982feefd5e6d9fca98bb7e39,e8f2c7602555751cf8fe40de5e51d1d51c3abcaf617af949cae601c7f21cb4fb,4d5a0000000d4948445200000388000004ec0806000000c272ac0c0001000049444154789cecfd59b36449921e887daa6a76,EXE,PE_EXECUTABLE
G:/Users\win10secu3\Documents\File\File201,File201,867014,f4baeceff5c949c66a85edcbf3ac40a774e3b887,4e9a6f255bff5ab93b6a7a51ebf62e99,cca30ca51762ebc3627fb2bf0ad625f04e52ef1af1b5070132279f5f40015d7f,4d5a90000300000004000000ffff0000b8000000000000004000000000000000000000000000000000000000000000000000,EXE,PE_EXECUTABLE;TEXT_FILE
G:/Users\win10secu3\Documents\File\File202,File202,1204734,f69b900367fa62e24947333fad2e4d8094002990,2497589c198a5c7d7c48f56bd5c2a083,4fb8184bee8c99d59555e7e387a0ebec6df0e3e1801aa640133374ead7c56e78,42000200000020000000ffff05000001000000000000400000000100fb716a72000000000000000000000000000000000000,TXT,TEXT_FILE
G:/Users\win10secu3\Documents\File\File203,File203,781,f0957d0ec699d079d4ad5adc73525925ce7ff829,80d158a5fce462fb2d54c71adc8e0da6,24795cf6cd080bb4897f9e532b34c1e2ebd3d841aa5bfcd30d8c75b833d69518,efbbbf3c230a2e53594e4f505349530a095072696e747320746865205348413235362068617368206f6620612066696c650a,PS1,PS1_POWERSHELL
G:/Users\win10secu3\Documents\File\File204,File204,681,902f98265eb67fcd8d7da5eb0b8198071d887c85,d601a536054abe2a84612a08b5b749f5,a3a56b01c83255a27ffc21329316ee7bbc2fe6a0e0dc4449d1e8d154312b7ce4,efbbbf3c230a2e53594e4f505349530a09496e7374616c6c73204f42532053747564696f20286e656564732061646d696e20,PS1,PS1_POWERSHELL
G:/Users\win10secu3\Documents\File\File205,File205,169050,72cc668b05bac25159ee0198ce375b4358ab375c,eae001e9a70c97bb5a2e6f17849c1d12,d0aa4a315d66e1197e18c51b0924b09e5c716b1204fafb8ac43d101a9da06a89,ffd8ffe000104a46494600010100000100010000ffdb004300080606070605080707070909080a0c140d0c0b0b0c1912130f,JPEG,JPEG_IMAGE
G:/Users\win10secu3\Documents\File\File206,File206,209333,3b02a535fa7a2ccbe80d975f2b468de92dd3b8d5,16aa2764840ee306b4d60ed118ed642b,f435ebe4e5aef3479aedf5b2128f6111635cce44f4a7f19cb3ea8d92d21b216d,504b03041400060008000000210024ec50bf8201000024070000130008025b436f6e74656e745f54797065735d2e786d6c20,ZIP,ZIP_ARCHIVE
G:/Users\win10secu3\Documents\File\File207,File207,726251,df382e06b0b50420b6d63240efe0681998fa8dfb,8c5c9499e5bf2515b46ad201e8340748,101bcf563ebe0e8ef4f0a63513614791b3c306c10f8382416276992a85dd63b1,4d5a90000300000004000000ffff0000b8000000000000004000000000000000000000000000000000000000000000000000,EXE,PE_EXECUTABLE;TEXT_FILE
G:/Users\win10secu3\Documents\File\File208,File208,3060289,b7d12ca8a56e690c38b3d2c82a3b52e138176b4f,cb5e8db8123b89323a4822992b5ddd34,24a50953cdcb5923deb5c91fc03c89144d6b48ce288457a85f380f511cf6f0ff,504b030414000600080000002100e4a7b06feb010000350d0000130008025b436f6e74656e745f54797065735d2e786d6c20,ZIP,ZIP_ARCHIVE
G:/Users\win10secu3\Documents\File\File209,File209,202653,fc407e7e35ab2470cc9228bacc41394a169a6fd5,76909cea13b5097b22a7faa800652758,19de82512ea67a8ca22985d597dc2190f33d23a410315fde887e60bd525a268b,255044462d312e330a25e2e3cfd30a312030206f626a0a3c3c0a2f54797065202f50616765730a2f436f756e742031340a2f,PDF,PDF_DOCUMENT
G:/Users\win10secu3\Documents\File\File210,File210,184563,43db097d4df5012de9903c2de395a68147071827,d23ddb02acd5a876e306962bd71f1631,ff59a2acd6b318ffc75e2ed3c5936c69d56eda24b6a57049a5d75f14308c00e7,504b03040a000000080000002100fc1fed11250200004305000010000000646f6350726f70732f6170702e786d6c9c54df6f,ZIP,ZIP_ARCHIVE
G:/Users\win10secu3\Documents\File\File211,File211,458026,50b27cdf5ab5e9b9cc52a102fafae2c112403a1e,c70ec8c66f59ecd212b7d08a4357b5d5,dcfff3750dfaabd52f4c62a35a98f1d0df5227aec8ebfcc2e8167bc71c4b05cc,504b0304140006000800000021003bf479e32e030000b810000014000000786c2f70726573656e746174696f6e2e786d6cec,ZIP,ZIP_ARCHIVE
G:/Users\win10secu3\Documents\File\File212,File212,182,df37ae666a00d846792533782a95b28b66d1320a,4a08c4bd4d73b050f07c51d9d7192e57,5949cf679127b5a6fdb19a4200f72a8bb2b6095bd61e64692cb6b39a06fa96f9,406563686f206f66660d0a736574206164766963653d5374617920706f7369746976652e7c54616b6520627265616b732e7c,BAT,BATCH_SCRIPT
G:/Users\win10secu3\Documents\File\File213,File213,66043,c79bf016e59f5a63697184e470304af54d1689da,2a951f81a38691f52fb9985513e46946,47914ae30332a9b287cd49cf1848a923790dec9693742ea370ee5ae9d5f4cd4f,4d5a90000300000004000000ffff0000b8000000000000004000000000000000000000000000000000000000000000000000,EXE,PE_EXECUTABLE;TEXT_FILE
G:/Users\win10secu3\Documents\File\File214,File214,166868,03ad96e61cf716ff65919902d92c5cff197eee2f,3938baaa0bb6e35e2420178db164cb3d,568ea3e5a0735f8eb6cde01fe02dd588f2474ecb959188c4fe55a4252cf1d429,ffd8ffe000104a46494600010100000100010000ffdb004300080606070605080707070909080a0c140d0c0b0b0c1912130f,JPEG,JPEG_IMAGE
G:/Users\win10secu3\Documents\File\File215,File215,643,d9c43a3c4df555360bf5e0eace9d2c04a5df74fd,ebc84c0bae4a06d2db24c264d52dbb1f,39f623db0d8f79359e3f585fec270bf9a189c19392e4a69d111ecc71415bad32,efbbbf3c230a2e53594e4f505349530a09496e7374616c6c732056697375616c2053747564696f20436f64650a2e44455343,PS1,PS1_POWERSHELL
G:/Users\win10secu3\Documents\File\File216,File216,628,e9bfe5ea0889af5ed63d66a63b7b5b0861212ebb,825341f997632ff776e477883fe6493c,44e76ab7e070b8e79e26f13b31c2c574ac6194364864ed485961ecbce0a19dc7,efbbbf3c230a2e53594e4f505349530a09496e7374616c6c732047697420457874656e73696f6e730a2e4445534352495054,PS1,PS1_POWERSHELL
G:/Users\win10secu3\Documents\File\File217,File217,14118,5aa2bda8638878126e463b0f935a50d693bdbcee,f1e7f2ec19d0fd37d892e992a71fcbd6,0d359811829860ca2834f57db70b89d41ec044ab22f85f1a87f5c22228d5d899,202020202020202020202020202020202020202020204555524f5045414e20554e494f4e205055424c4943204c4943454e43,TXT,TEXT_FILE
G:/Users\win10secu3\Documents\File\File218,File218,1394042,76a256f4ddd4584f562af45a06ba9952434d1671,bb84661af617931ba5b294a8737c421d,0037cf511e2b34db246d16b964f9373c21b2dc7b268b9cfcbe89620b16fc4c74,89504e470d0a1a0a0000000d4948445200000388000004ec0806000000c272ac0c0001000049444154789cecfd69b06dc975,PNG,PNG_IMAGE
G:/Users\win10secu3\Documents\File\File219,File219,127189,043296334c60c14c8be4fce8b1a4bb962847581a,e87decf883153221f84d73f70bb2f53b,a119016709f406bf1550822b2bdc3807c1a2fdb953e387e9257e08d1a81549f9,ffd8ffe000104558494600010100000100010000ffdb004300080606070605080707070909080a0c140d0c0b0b0c1912130f,JPEG,JPEG_IMAGE
G:/Users\win10secu3\Documents\File\File220,File220,191,28b9d9f7b21ca28bf2b7e01f1da1f5a2080fe674,db631805541e0958fd9e6e3616a42c98,a02767a52d8c1fcde77ed6d297d3ac17029275c6125af1c6ac5a618904f71c6e,406563686f206f66660d0a73657420776f72643d68656c6c6f0d0a73657420736372616d626c65643d0d0a666f72202f6c20,BAT,BATCH_SCRIPT
